17,1,0,2,35,68,16,16,
4,2,0,0,7,4,19,2,
0,1,0,0,0,0,8,0,
4,1,0,2,5,0,3,4,
4,0,0,9,16,4,0,2,
4,1,0,6,13,0,1,1,
6,0,0,11,20,0,1,4,
5,1,0,0,5,10,62,5,
27,1,3,4,40,291,14,25,
11,1,0,10,41,31,8,7,
15,1,0,6,40,47,13,11,
2,0,0,3,14,1,1,2,
6,1,0,14,34,0,1,4,
16,1,0,3,43,6,7,13,
2,1,0,0,5,0,1,2,
0,1,0,0,0,0,20,0,
5,1,0,6,10,0,1,5,
5,0,0,11,14,10,1,1,
2,1,0,0,2,1,13,2,
3,1,0,0,3,3,1,3,
5,1,1,1,6,10,1,5,
4,2,0,1,7,4,3,2,
12,0,0,17,30,0,4,11,
23,1,0,2,50,35,1,12,
3,1,0,7,10,0,1,3,
2,1,0,10,14,0,2,2,
12,1,0,20,48,0,3,7,
7,1,0,28,34,15,0,6,
6,1,0,0,17,0,4,6,
2,1,0,0,3,0,1,1,
9,0,0,21,39,30,1,1,
5,0,0,22,34,10,2,4,
8,1,0,5,15,0,6,8,
4,0,0,11,21,0,1,2,
13,0,0,16,36,70,2,12,
2,1,0,1,2,1,6,2,
1,1,0,2,1,0,2,1,
4,0,0,4,9,4,1,4,
2,1,0,5,6,0,1,1,
3,1,0,6,14,0,1,3,
4,1,0,5,20,0,1,3,
7,1,0,3,14,5,1,6,
5,1,0,6,29,6,2,3,
6,0,0,5,10,11,17,6,
13,1,0,5,55,24,3,6,
1,1,0,0,2,0,1,1,
3,0,0,6,13,0,1,2,
2,1,0,1,2,1,13,2,
8,0,0,19,39,28,1,5,
10,1,11,6,19,0,11,9,
9,1,0,0,32,36,1,9,
4,0,0,1,6,0,2,4,
3,1,0,7,12,0,1,3,
3,1,0,0,3,3,9,3,
3,1,0,12,21,0,1,2,
3,1,0,8,15,0,1,2,
4,2,0,0,7,4,23,2,
3,1,0,1,7,1,0,3,
5,0,0,22,38,10,1,4,
2,1,0,1,2,1,14,2,
5,1,0,0,6,0,1,5,
5,1,0,1,10,2,2,5,
9,1,0,6,35,24,1,4,
4,1,0,2,10,0,1,1,
5,0,0,18,28,6,2,3,
2,1,0,1,2,1,4,2,
9,1,0,12,24,16,2,4,
4,0,0,16,24,4,1,3,
2,3,0,0,4,1,5,2,
16,1,0,9,27,92,41,16,
3,0,0,5,8,3,1,1,
3,1,0,9,12,0,1,3,
3,1,0,8,13,0,1,2,
12,0,0,13,24,66,4,5,
4,1,0,0,4,6,20,4,
15,1,0,7,38,71,1,10,
2,0,0,4,5,1,1,2,
17,1,0,16,36,66,2,14,
15,6,0,23,89,63,7,3,
1,1,0,0,1,0,13,1,
3,1,0,1,4,0,2,0,
3,0,0,11,12,0,1,1,
1,1,0,2,1,0,9,1,
3,1,0,1,3,3,3,3,
3,1,0,0,5,1,1,3,
7,1,0,0,13,0,1,7,
4,1,0,2,10,0,3,2,
8,1,0,4,36,8,1,7,
3,0,0,12,26,0,1,2,
3,1,0,0,12,0,5,2,
4,1,0,1,4,6,16,4,
4,1,0,7,18,0,1,3,
10,1,0,5,20,0,5,8,
2,1,0,3,2,1,8,2,
10,1,0,5,27,39,1,6,
5,1,0,11,30,0,1,2,
4,0,0,8,10,4,1,4,
6,2,0,3,13,7,7,4,
3,1,0,1,6,1,1,3,
4,0,0,13,18,4,1,3,
2,1,0,2,5,1,1,1,
2,1,0,2,6,1,1,1,
2,1,0,2,3,1,1,1,
2,1,0,2,5,1,1,1,
2,1,0,4,5,0,1,1,
2,1,0,2,4,0,1,1,
2,1,0,0,2,1,3,2,
7,1,0,5,13,15,9,7,
2,0,0,4,8,1,1,1,
3,1,0,0,7,0,2,3,
2,1,0,1,8,0,0,2,
1,1,0,1,1,0,17,1,
4,0,4,23,32,6,4,1,
4,2,0,0,7,4,27,2,
1,1,0,1,1,0,10,1,
4,1,0,2,4,6,7,4,
2,1,0,3,4,0,1,1,
8,0,0,5,21,0,5,8,
2,1,0,3,6,0,1,1,
4,1,0,4,16,0,1,3,
2,1,0,2,5,0,1,1,
4,1,0,3,21,0,0,1,
12,1,0,3,45,36,1,3,
1,1,0,1,2,0,8,1,
10,0,0,10,33,25,1,4,
15,1,0,9,39,0,3,13,
0,1,0,1,0,0,0,0,
4,0,0,15,23,6,2,3,
3,0,0,5,13,1,1,1,
8,0,0,1,16,0,2,6,
3,0,0,11,15,1,1,3,
6,1,2,3,8,9,5,3,
12,1,0,3,21,22,8,12,
8,0,0,12,26,10,1,7,
21,1,0,17,55,154,4,13,
8,1,0,0,9,0,4,8,
4,0,0,7,5,6,4,4,
5,0,1,5,12,4,8,5,
3,0,0,3,7,3,1,3,
19,1,0,17,55,125,7,17,
3,0,0,8,7,1,1,0,
3,1,0,1,26,0,1,3,
4,0,0,10,16,0,1,2,
2,0,0,4,5,1,1,2,
2,1,0,3,9,1,0,1,
17,1,2,15,30,72,10,7,
9,1,0,12,59,36,3,4,
5,0,0,3,7,6,2,1,
5,0,0,4,8,10,1,5,
10,2,0,0,18,35,4,8,
2,1,0,2,4,1,0,2,
7,1,0,7,29,11,1,5,
4,0,0,9,13,4,1,3,
2,1,0,4,19,0,1,2,
4,2,0,0,7,4,36,2,
3,1,0,12,13,1,1,3,
3,1,0,12,31,1,1,3,
10,1,0,7,33,0,8,10,
4,0,0,9,12,4,1,3,
3,1,0,3,11,0,1,1,
12,1,0,14,88,66,1,2,
2,0,0,2,3,0,1,2,
3,0,0,8,9,1,1,3,
3,0,0,4,8,3,1,1,
3,1,0,0,12,3,0,3,
5,0,0,18,19,10,1,5,
3,0,0,11,14,3,1,3,
6,1,0,0,11,5,1,6,
57,0,0,7,144,1082,6,44,
6,1,0,2,15,0,15,6,
4,1,0,1,12,0,4,2,
3,1,0,6,7,3,1,3,
10,2,0,1,27,37,65,7,
4,0,0,13,17,4,1,3,
3,0,0,9,7,1,1,0,
14,1,0,0,19,67,5,14,
7,1,0,2,17,0,2,7,
8,2,0,0,12,12,13,3,
4,1,0,1,12,0,22,4,
4,0,0,21,25,4,1,3,
10,1,0,4,24,15,2,9,
10,1,0,18,31,0,1,8,
4,2,0,0,7,4,41,2,
4,2,0,0,7,4,6,2,
4,1,0,19,34,2,1,2,
2,0,0,16,13,1,1,2,
4,1,0,0,9,0,7,4,
25,1,2,11,93,190,2,11,
5,1,0,0,8,4,1,4,
5,2,0,0,14,8,12,3,
2,1,0,1,7,1,1,2,
4,0,0,8,8,6,1,1,
1,1,13,1,2,0,13,1,
5,2,0,0,13,6,12,3,
4,2,0,0,7,4,9,2,
4,1,3,7,8,4,3,1,
2,1,0,3,2,1,1,2,
1,1,0,0,1,0,2,1,
3,1,0,6,6,3,1,3,
9,1,0,3,14,16,9,9,
4,0,0,12,12,6,1,1,
5,1,0,21,34,0,1,4,
10,0,0,10,25,0,2,9,
1,1,0,1,1,0,85,1,
3,1,4,2,11,3,4,2,
4,0,0,12,14,6,1,1,
4,2,0,0,7,4,1,2,
3,0,0,12,19,0,1,2,
19,1,0,3,48,35,8,18,
7,1,1,3,21,9,1,3,
14,1,0,2,27,0,21,11,
3,0,0,8,7,1,1,0,
3,1,5,1,4,1,5,2,
4,0,0,9,13,4,1,3,
3,1,0,2,10,0,1,2,
4,0,0,4,23,6,2,2,
2,1,0,5,5,1,48,2,
15,1,0,4,58,57,1,8,
4,2,0,1,7,4,5,2,
3,1,1,8,14,0,3,3,
6,0,0,31,61,15,4,1,
8,1,0,20,31,26,6,3,
4,1,0,3,13,0,1,3,
11,3,0,3,27,27,6,11,
3,1,0,10,14,1,1,3,
4,1,0,7,17,0,0,2,
14,0,12,42,83,83,15,6,
4,0,0,8,9,6,1,1,
3,0,0,3,21,3,0,2,
4,1,0,6,17,0,1,2,
3,0,0,1,4,1,4,1,
3,0,0,4,8,3,1,1,
3,1,0,1,4,3,1,3,
3,0,0,22,23,0,4,3,
4,0,0,11,11,4,2,3,
3,0,0,5,9,3,1,1,
8,1,0,16,22,16,1,7,
5,0,0,4,8,10,1,5,
3,1,0,2,18,0,1,2,
4,2,0,0,7,4,0,2,
5,1,0,1,7,10,0,5,
4,1,0,1,12,0,9,4,
3,1,0,1,6,3,1,2,
2,1,0,4,10,0,1,2,
6,0,0,8,10,15,1,6,
5,2,0,0,11,6,1,3,
6,0,0,9,11,13,1,6,
3,0,0,4,8,3,1,1,
3,0,0,4,4,1,5,3,
2,1,0,3,23,0,0,2,
3,0,0,4,8,3,1,1,
5,1,0,11,33,2,0,3,
19,1,0,27,131,85,1,4,
5,0,0,4,10,8,1,5,
9,1,0,5,28,0,1,8,
4,0,0,11,17,0,1,4,
9,1,0,21,94,12,2,3,
9,1,0,17,66,10,2,4,
11,1,0,4,36,0,1,11,
2,1,0,3,2,1,4,2,
5,0,0,15,18,0,1,3,
19,1,0,22,62,91,3,14,
2,0,0,4,5,0,1,2,
3,1,0,19,21,0,0,2,
4,0,0,8,9,6,1,1,
1,1,0,0,1,0,11,1,
3,1,0,5,4,3,1,3,
3,1,0,5,8,3,1,3,
9,0,0,8,38,0,2,8,
7,2,0,0,13,0,1,7,
5,1,0,2,11,0,12,5,
4,1,0,1,10,0,3,3,
2,0,0,4,8,1,1,2,
4,0,0,11,15,4,1,3,
5,2,0,1,9,6,21,3,
2,0,0,3,8,0,110,1,
5,0,0,18,27,0,1,3,
1,1,0,2,1,0,2,1,
45,1,0,60,180,494,10,31,
2,1,0,2,2,1,2,2,
7,1,0,4,23,0,7,6,
2,1,0,1,4,0,1,1,
3,0,0,4,8,3,1,1,
3,0,0,5,8,3,0,3,
2,1,0,2,4,1,1,1,
2,1,0,3,2,1,1,2,
3,0,0,6,9,1,1,2,
2,0,0,12,19,0,1,2,
4,0,0,13,16,6,1,3,
3,1,0,7,8,0,1,3,
3,1,0,0,8,0,1,2,
13,2,0,1,26,0,4,11,
13,1,9,6,16,58,15,3,
3,1,0,2,14,0,1,2,
2,1,0,2,5,0,1,1,
3,0,0,1,4,3,1,0,
3,0,0,1,4,3,1,0,
1,1,0,0,1,0,2,1,
2,1,0,0,2,1,4,2,
4,0,0,42,47,6,1,3,
15,0,1,9,51,41,2,8,
5,1,0,0,8,0,2,5,
3,1,0,2,5,1,1,3,
3,1,0,5,6,1,2,2,
2,0,0,16,17,1,1,2,
3,1,0,5,9,0,1,2,
3,1,0,8,15,0,1,2,
3,1,0,11,20,0,1,2,
11,1,0,9,22,3,1,11,
3,0,0,6,11,3,0,1,
6,1,0,1,21,15,3,5,
2,0,0,13,15,0,1,2,
3,0,0,6,10,3,1,1,
2,1,0,1,2,1,14,2,
5,1,0,8,18,4,2,5,
5,1,0,6,17,0,2,5,
0,1,0,1,0,0,2,0,
16,0,0,23,46,110,6,9,
7,0,0,6,27,0,2,6,
5,0,0,18,18,8,1,5,
28,0,0,14,104,226,1,19,
11,1,0,10,24,25,2,9,
10,1,0,6,32,0,5,10,
3,1,0,2,3,3,5,3,
2,0,0,5,11,1,1,1,
2,0,0,5,11,1,1,1,
1,1,0,0,1,0,1,1,
2,0,0,5,11,1,1,1,
7,1,0,40,73,1,1,3,
3,0,0,8,13,3,1,1,
6,1,0,8,20,0,2,3,
4,1,0,3,9,6,1,4,
3,1,0,1,7,0,2,3,
14,1,8,7,29,0,8,13,
2,1,0,0,8,0,0,2,
8,1,0,9,55,0,1,4,
1,1,0,0,1,0,9,1,
3,1,0,2,9,0,1,2,
2,0,0,4,5,1,1,2,
4,0,0,14,25,0,1,2,
5,1,0,6,35,6,2,2,
5,1,0,5,18,4,1,4,
5,0,0,14,35,0,1,3,
2,1,0,1,9,0,1,2,
12,1,0,6,16,50,3,12,
3,0,0,16,16,0,0,3,
5,0,0,4,12,8,1,5,
3,1,0,11,18,1,1,3,
3,0,0,8,11,3,5,1,
4,0,0,4,9,6,1,4,
1,1,0,2,2,0,2,1,
10,0,0,12,22,45,3,4,
3,0,0,11,25,1,1,3,
2,1,0,1,2,1,8,2,
2,0,0,9,18,0,1,2,
8,1,0,11,36,18,2,4,
1,1,0,2,1,0,16,1,
3,1,0,9,14,1,1,3,
2,0,0,4,16,1,0,2,
5,0,0,17,17,8,1,5,
8,0,2,17,35,28,2,1,
2,1,0,8,12,0,0,2,
2,1,0,5,13,1,1,2,
3,1,0,1,20,3,2,3,
2,1,0,4,3,1,1,1,
3,1,0,7,16,0,1,3,
19,1,0,17,46,109,2,12,
2,1,0,7,7,0,1,1,
3,0,0,3,4,3,5,3,
4,1,0,0,7,4,1,4,
3,1,0,2,17,0,1,2,
7,0,0,7,16,0,2,7,
3,1,0,2,4,0,4,2,
2,1,0,9,11,0,1,1,
2,1,0,5,3,1,1,1,
2,0,0,4,10,1,1,1,
0,1,0,0,0,0,5,0,
1,1,0,3,1,0,5,1,
4,0,0,7,23,6,1,4,
4,1,0,4,13,4,5,3,
3,1,0,8,23,1,1,2,
11,1,0,20,79,0,1,8,
6,0,0,19,34,0,2,3,
3,1,0,10,23,1,1,2,
9,0,0,6,19,12,7,9,
9,1,0,3,11,28,3,8,
2,1,0,1,5,1,1,1,
2,1,0,2,3,0,115,2,
4,1,0,3,13,0,1,3,
2,1,0,4,6,0,1,2,
15,1,0,2,36,0,2,13,
8,0,0,3,17,28,2,7,
10,0,0,13,24,43,4,4,
9,1,0,19,47,26,1,8,
4,0,0,11,14,4,1,3,
2,0,0,10,25,0,1,2,
2,1,13,3,6,1,13,2,
7,2,0,5,19,19,3,3,
1,1,0,0,2,0,0,1,
4,2,0,3,8,0,2,2,
4,0,0,17,20,6,1,1,
2,1,0,2,4,1,16,2,
19,1,0,4,38,0,185,18,
3,1,0,1,7,3,1,1,
2,1,0,1,9,0,1,2,
2,0,0,3,3,0,1,2,
34,1,0,3,55,481,19,31,
6,1,0,2,11,1,2,6,
5,1,0,21,25,0,1,5,
3,1,0,7,12,0,1,3,
13,1,0,0,14,0,1,1,
3,1,0,2,16,0,1,2,
8,0,7,7,29,10,7,2,
3,1,0,6,7,3,1,3,
10,0,0,10,29,0,1,8,
4,0,0,15,24,2,1,4,
12,0,0,8,24,34,7,12,
11,1,0,19,35,29,1,8,
2,1,0,1,2,1,6,2,
3,1,0,1,3,3,5,3,
8,1,0,9,42,20,2,1,
5,1,0,2,13,6,1,2,
2,1,0,2,5,0,1,1,
2,1,0,2,4,0,1,1,
5,1,0,3,13,0,1,0,
2,0,0,4,6,1,1,1,
2,0,0,3,3,0,1,2,
3,1,0,4,5,1,1,2,
3,1,0,4,6,1,1,2,
14,2,7,12,27,79,17,4,
2,0,0,8,15,0,1,2,
8,1,0,8,38,0,1,4,
3,0,0,22,30,1,1,2,
7,1,0,9,26,9,5,7,
5,2,0,0,9,6,2,3,
5,0,10,10,16,10,10,5,
2,1,0,1,11,0,1,2,
6,0,0,26,32,9,1,5,
3,2,0,4,24,0,1,2,
7,1,0,1,16,0,2,7,
2,1,0,1,2,1,22,2,
1,1,0,1,1,0,2,1,
4,2,0,0,7,4,1,2,
26,1,0,4,58,19,0,21,
9,0,0,30,38,14,3,9,
3,1,0,1,11,0,1,3,
4,1,0,3,14,0,1,3,
5,1,0,9,18,4,4,5,
4,1,0,0,5,2,3,0,
6,0,0,20,37,5,2,5,
3,0,0,4,5,3,1,3,
2,1,0,0,3,1,3,0,
5,1,0,1,9,8,1,5,
4,0,0,16,21,4,1,2,
4,0,0,9,10,6,0,1,
2,1,0,0,2,1,5,2,
7,0,0,7,26,3,2,5,
3,1,0,6,16,1,1,1,
8,1,0,8,35,12,9,4,
2,1,0,0,8,1,1,2,
3,1,0,3,18,1,1,2,
5,0,0,14,27,10,1,4,
4,0,0,8,8,6,1,1,
2,1,10,1,6,1,10,1,
4,0,0,5,13,6,1,4,
12,1,0,13,37,12,1,2,
6,1,0,13,39,9,1,4,
5,0,0,27,33,8,1,5,
3,1,0,2,16,0,1,2,
3,1,0,25,39,1,1,2,
5,1,0,2,5,10,8,5,
3,0,0,14,21,0,1,3,
3,0,0,6,9,1,1,2,
9,1,0,15,24,14,1,4,
3,0,0,1,4,3,1,0,
4,0,0,14,34,6,1,4,
3,0,0,1,4,3,1,0,
5,6,0,5,53,10,3,2,
4,1,0,12,19,6,1,2,
10,1,0,18,35,0,2,2,
7,1,0,5,14,0,1,6,
5,0,0,20,24,6,1,3,
4,2,0,0,7,4,1,2,
18,1,0,11,42,23,25,17,
2,1,0,2,3,0,125,2,
3,0,0,12,36,1,1,3,
3,4,0,0,7,0,2,3,
3,1,0,38,53,3,2,3,
8,0,0,12,28,26,1,1,
5,2,0,0,8,6,5,3,
4,1,0,1,15,0,2,3,
12,1,0,6,38,4,2,11,
6,0,0,20,32,15,1,4,
0,1,0,0,0,0,336,0,
1,1,0,1,1,0,2,1,
3,0,4,4,18,3,16,2,
17,1,0,36,147,136,1,4,
5,1,0,1,7,2,0,5,
11,0,2,5,13,49,5,11,
3,0,0,4,5,3,1,1,
3,1,0,8,14,3,1,3,
4,1,0,7,18,0,1,3,
1,3,0,0,2,0,0,1,
3,0,0,16,20,3,1,3,
4,1,5,2,7,0,5,4,
3,1,0,2,3,3,7,3,
5,0,0,3,7,6,1,1,
2,1,0,3,4,0,1,1,
3,0,0,9,16,3,1,1,
5,1,0,6,9,0,3,5,
3,1,0,2,11,1,5,2,
7,1,0,2,10,13,1,7,
9,1,0,2,15,0,2,5,
3,1,0,8,19,3,1,3,
1,1,0,2,1,0,2,1,
1,1,0,0,1,0,6,1,
3,0,0,10,13,3,1,1,
49,1,0,11,118,1176,148,46,
2,0,0,4,16,1,1,1,
3,1,0,2,4,0,0,3,
20,1,2,6,55,174,2,18,
2,1,0,0,2,1,18,2,
9,1,0,24,43,12,1,5,
5,0,0,4,21,6,24,3,
4,2,0,0,7,4,1,2,
3,1,0,3,3,3,2,3,
5,1,0,5,16,0,2,4,
2,0,0,15,14,1,1,2,
5,0,0,15,18,0,1,3,
4,0,0,3,14,6,0,1,
2,0,0,12,21,0,1,2,
3,0,0,12,26,0,1,2,
3,1,0,9,13,3,1,3,
21,1,0,2,34,0,3,16,
6,1,0,1,8,0,3,4,
4,0,0,9,12,6,1,3,
6,1,0,0,13,0,4,6,
8,1,0,9,52,0,1,4,
3,1,0,6,9,0,1,3,
3,1,0,6,6,3,1,3,
11,1,0,4,55,0,2,8,
11,1,0,1,22,23,3,5,
6,1,0,2,12,0,1,5,
19,1,0,20,47,69,0,12,
2,1,0,1,4,0,1,2,
9,0,0,3,14,8,2,1,
3,0,0,8,7,1,1,0,
4,0,0,9,13,4,1,3,
6,1,0,0,10,0,4,6,
5,0,0,15,18,0,1,3,
1,1,0,1,1,0,22,1,
4,0,0,15,15,4,2,2,
2,1,0,0,3,1,1,0,
9,1,3,3,29,24,3,6,
2,1,0,1,2,1,8,2,
29,0,0,40,92,240,4,7,
5,1,0,10,14,8,2,3,
4,0,0,8,8,6,1,1,
10,1,0,5,42,35,4,2,
2,1,0,2,4,1,1,2,
9,1,0,6,9,36,466,9,
13,1,0,6,65,22,1,6,
19,1,0,9,46,0,1,13,
4,2,0,0,7,4,9,2,
1,1,0,1,1,0,11,1,
2,1,0,0,3,1,2,0,
6,1,1,3,11,7,3,6,
2,1,0,2,2,1,19,2,
9,1,0,12,27,12,1,1,
7,1,0,11,23,1,1,7,
5,2,0,1,10,6,5,3,
4,0,0,14,26,0,1,4,
3,0,0,3,7,3,1,3,
10,1,0,14,22,45,1,10,
1,1,0,2,1,0,2,1,
1,5,0,1,3,0,1,1,
3,0,0,7,11,3,0,1,
7,1,0,1,9,21,0,7,
3,1,0,6,9,1,1,3,
2,0,0,3,5,1,1,1,
4,1,0,5,7,0,1,4,
4,2,0,2,13,0,1,1,
10,0,2,10,30,31,3,3,
9,1,0,11,50,32,5,2,
5,0,0,4,12,10,1,5,
2,0,0,7,6,1,1,2,
12,1,0,0,31,66,1,12,
5,0,0,17,22,6,1,3,
3,0,0,4,6,3,1,1,
42,1,0,10,113,401,13,29,
2,1,0,1,3,0,9,2,
2,1,0,3,12,1,0,2,
9,1,0,1,15,4,140,9,
1,1,0,2,1,0,2,1,
3,1,0,2,3,3,4,3,
4,0,0,16,28,0,1,4,
5,1,0,3,21,0,5,3,
3,1,15,1,5,3,15,0,
9,0,0,6,15,26,5,8,
7,1,0,0,9,7,12,7,
10,0,0,23,46,29,3,7,
15,1,0,9,40,13,9,15,
8,1,0,2,15,16,36,8,
2,1,0,2,3,1,1,1,
4,1,0,1,12,6,1,3,
3,1,0,21,36,0,1,0,
4,2,0,0,7,4,4,2,
11,1,0,0,12,23,4,11,
19,1,0,26,124,67,2,11,
2,1,0,0,10,0,1,2,
9,1,0,1,34,22,7,5,
3,0,0,6,6,0,5,1,
8,0,0,17,23,10,2,8,
2,0,0,3,17,1,0,2,
3,1,0,8,18,3,1,3,
1,1,0,3,1,0,11,1,
4,0,0,10,12,6,1,1,
13,1,2,3,35,10,6,10,
5,1,0,4,22,2,1,2,
3,1,0,4,9,3,1,3,
2,1,0,2,6,1,2,2,
9,1,0,9,55,28,11,8,
2,0,0,4,8,1,1,2,
3,0,0,4,8,3,1,1,
4,2,0,0,7,4,13,2,
9,2,0,2,12,30,61,3,
3,1,0,8,16,3,1,3,
2,1,0,6,6,0,1,2,
2,0,0,12,11,0,1,2,
3,1,0,7,16,0,1,3,
4,0,0,11,26,0,1,4,
9,1,0,2,37,24,5,8,
6,1,0,3,6,15,79,6,
1,1,0,2,1,0,10,1,
7,1,0,2,8,11,22,5,
3,1,0,0,5,0,0,3,
4,1,0,1,10,6,2,1,
17,2,0,9,46,132,10,4,
3,1,0,0,4,0,3,2,
11,1,0,4,55,0,2,8,
4,2,0,0,5,6,0,4,
7,1,0,1,16,7,1,3,
14,1,0,2,27,0,11,14,
1,1,0,0,1,0,9,1,
14,1,0,22,52,59,63,10,
12,1,0,8,29,32,1,11,
8,1,0,1,19,18,4,5,
1,1,0,0,2,0,0,1,
3,0,0,5,8,3,1,1,
17,1,0,13,40,90,11,14,
3,1,0,2,25,3,1,2,
3,1,0,0,10,0,1,2,
3,0,0,3,13,1,1,2,
8,0,0,13,44,0,1,5,
3,0,0,6,9,3,1,1,
13,0,0,17,33,0,5,11,
5,2,0,0,9,6,4,3,
4,0,0,7,23,6,1,4,
4,1,8,2,5,6,8,4,
2,1,0,4,18,0,1,2,
2,2,0,1,5,0,1,1,
2,2,0,2,5,0,1,1,
2,1,0,1,4,0,1,1,
26,1,9,15,52,5,9,21,
2,1,0,1,4,0,1,1,
7,1,0,1,10,0,1,5,
2,1,0,1,4,0,1,1,
2,1,0,1,4,0,1,1,
4,1,0,8,13,0,1,4,
12,1,0,11,22,0,6,12,
3,1,0,11,18,1,1,3,
4,1,0,1,14,4,1,2,
27,1,0,16,51,259,10,22,
3,1,0,11,21,0,1,2,
3,1,0,8,16,0,1,2,
48,1,0,19,62,1122,4,48,
2,1,0,4,6,0,1,1,
2,1,0,4,6,0,1,1,
6,1,0,0,17,0,2,5,
2,1,0,2,3,1,1,1,
3,1,0,1,3,3,13,3,
12,1,0,5,48,62,9,9,
4,1,0,2,6,0,4,4,
4,1,0,4,23,4,32,4,
4,0,0,14,31,0,1,3,
8,1,0,35,56,4,0,2,
3,1,0,15,25,1,1,3,
3,1,0,2,17,0,1,2,
8,1,0,35,56,4,0,2,
8,1,0,34,61,4,0,2,
4,1,0,14,18,0,1,3,
17,1,0,8,63,64,18,15,
1,1,0,2,1,0,23,1,
20,1,0,1,40,0,1,20,
5,0,0,12,16,4,1,4,
4,2,0,0,7,4,3,2,
9,2,0,1,12,22,75,6,
14,1,13,23,45,85,66,12,
4,0,0,8,8,6,1,1,
7,1,0,0,17,21,12,5,
4,2,0,0,7,4,9,2,
8,0,0,31,44,14,1,5,
8,0,0,6,30,12,1,5,
4,2,0,0,7,4,10,2,
4,1,0,5,9,0,1,2,
5,0,0,15,18,0,1,3,
3,1,0,7,16,0,1,3,
57,1,0,48,175,1198,8,30,
5,0,0,13,39,8,3,4,
9,1,0,0,14,0,5,9,
3,1,0,3,18,3,1,2,
5,1,0,2,9,2,6,3,
6,1,0,1,17,0,3,6,
3,1,0,1,3,3,2,3,
13,1,0,1,30,58,1,5,
5,0,0,18,19,10,1,5,
14,1,0,23,48,29,13,11,
9,1,0,4,26,14,2,9,
2,1,0,9,11,0,1,1,
2,0,0,3,6,1,1,0,
2,0,0,3,4,1,1,0,
2,0,0,5,9,1,3,2,
2,0,0,4,6,1,1,0,
10,1,0,1,18,0,332,10,
3,1,0,1,7,1,0,1,
2,0,0,3,6,1,1,0,
15,0,0,21,74,99,10,12,
2,0,0,7,10,1,1,0,
2,0,0,3,6,1,1,0,
7,1,0,20,29,21,3,3,
3,0,0,4,9,3,1,1,
1,1,0,0,1,0,4,1,
3,0,0,4,8,3,1,1,
10,1,0,21,32,25,1,7,
2,1,0,3,4,0,1,1,
3,1,0,6,6,3,1,3,
10,1,0,1,39,23,2,7,
2,0,0,3,4,1,1,0,
3,0,0,4,10,1,1,1,
5,1,0,2,14,0,1,3,
3,1,0,3,13,1,1,2,
4,0,0,9,11,6,1,1,
17,1,0,4,23,116,1,17,
5,1,0,5,32,0,1,2,
3,0,0,12,37,1,0,3,
5,2,0,1,8,6,4,3,
4,1,0,22,28,0,1,3,
3,1,0,1,6,3,1,2,
7,1,0,1,12,0,1,7,
5,1,0,6,35,0,0,4,
10,1,0,4,18,15,2,6,
8,1,0,0,14,0,2,7,
4,2,0,0,7,4,4,2,
8,1,0,21,28,14,4,7,
5,1,0,4,17,4,1,4,
5,1,0,22,34,0,1,4,
4,0,0,16,26,6,1,1,
24,1,0,3,43,0,9,24,
1,1,0,1,2,0,1,1,
3,1,0,7,11,0,1,3,
2,0,0,4,3,0,1,2,
28,1,0,6,65,62,291,23,
2,1,0,0,4,1,1,2,
15,1,0,3,36,0,67,13,
8,1,0,1,14,0,0,6,
2,0,0,10,13,0,1,2,
10,1,0,1,14,19,3,0,
3,0,0,7,11,3,1,1,
6,2,0,7,15,9,2,4,
9,0,0,23,47,36,1,1,
2,1,0,5,2,1,40,2,
11,1,0,1,19,1,3,10,
13,1,0,5,32,24,3,11,
13,1,11,9,21,78,11,7,
10,1,0,1,36,35,3,4,
14,1,2,17,28,71,2,0,
6,2,0,0,11,7,6,3,
3,0,0,5,8,3,1,1,
7,0,0,32,55,11,5,6,
1,1,0,1,1,0,0,1,
4,1,0,2,6,0,1,4,
3,1,0,6,18,0,1,3,
7,1,0,0,14,0,5,7,
7,0,0,15,29,21,1,4,
16,1,0,21,45,64,2,13,
5,1,0,2,15,0,4,4,
3,0,0,3,4,0,1,2,
3,0,0,4,9,1,1,1,
1,1,0,1,1,0,4,1,
1,1,0,0,1,0,9,1,
3,1,0,13,13,3,1,2,
4,0,0,13,15,6,1,1,
14,1,0,44,85,0,1,2,
6,1,0,20,29,0,1,4,
4,0,0,12,18,0,1,2,
5,1,0,14,42,8,1,4,
1,1,0,3,1,0,60,1,
12,0,0,7,63,36,1,9,
6,1,0,0,12,0,3,6,
10,1,0,13,28,0,1,8,
3,1,0,20,22,1,1,3,
9,1,2,3,16,22,6,9,
8,1,0,1,24,0,1,5,
2,1,0,1,6,1,0,2,
16,1,0,11,16,120,32,16,
7,2,0,0,16,17,28,3,
8,1,0,1,18,8,4,8,
1,1,0,1,1,0,4,1,
22,0,0,32,77,89,7,7,
4,1,0,3,8,0,1,2,
4,1,0,2,6,0,3,4,
5,0,0,15,26,10,1,4,
19,0,0,28,72,101,21,12,
3,1,0,1,8,3,1,3,
7,1,0,19,27,21,3,3,
9,1,0,1,21,12,4,6,
8,1,0,11,55,0,1,2,
6,1,0,42,63,15,1,2,
7,1,1,10,13,0,1,2,
5,1,5,4,16,0,6,2,
5,0,0,29,46,4,1,5,
4,0,0,2,19,6,1,0,
12,1,0,11,24,24,1,12,
2,0,0,6,12,0,0,2,
1,0,0,3,2,0,3,1,
10,1,0,4,33,11,1,9,
7,1,0,1,22,1,2,7,
12,1,0,28,40,48,19,11,
5,4,0,2,13,10,2,4,
6,1,0,3,17,0,3,6,
13,1,0,3,51,0,1,6,
6,1,0,3,24,0,1,6,
3,2,0,2,7,0,1,3,
2,1,0,1,6,1,1,1,
3,1,0,13,20,0,10,2,
3,1,0,12,19,0,0,3,
2,1,0,1,3,0,1,2,
17,1,0,4,43,88,5,13,
7,0,0,7,27,9,1,1,
4,0,0,13,17,6,1,3,
2,1,0,0,2,1,3,2,
20,1,0,78,190,50,11,5,
3,1,0,1,6,3,1,2,
3,0,0,4,8,3,1,1,
24,0,0,33,88,142,8,8,
1,1,0,1,1,0,2,1,
2,1,0,0,8,0,0,2,
2,0,0,10,25,0,1,2,
3,1,0,0,8,3,2,1,
3,0,0,15,13,1,1,3,
21,0,0,3,65,76,1,13,
4,0,0,7,25,4,1,3,
4,0,0,10,10,4,1,1,
6,1,0,7,23,0,2,6,
1,1,0,1,1,0,4,1,
2,1,0,4,6,0,1,2,
20,2,0,2,33,34,65,20,
6,1,0,6,6,15,91,6,
1,0,0,2,2,0,1,1,
5,1,0,11,13,0,1,5,
3,1,0,11,28,1,1,3,
1,1,0,0,1,0,6,1,
3,0,0,16,22,1,0,3,
14,1,0,12,32,19,9,9,
1,1,0,2,1,0,9,1,
11,1,0,0,19,0,2,11,
3,0,0,6,8,3,2,2,
3,1,0,3,8,0,1,2,
4,1,0,4,4,6,54,4,
3,1,0,2,6,0,1,2,
8,1,0,3,13,8,6,8,
3,1,0,2,6,0,1,2,
4,0,0,22,33,6,3,1,
10,1,0,4,13,23,58,10,
2,1,0,9,14,0,1,2,
9,0,0,24,57,36,4,3,
2,1,0,3,4,0,1,1,
4,0,0,19,24,0,1,3,
5,0,0,22,38,10,1,1,
4,2,0,0,7,4,6,2,
13,1,0,10,66,34,1,4,
2,1,0,3,9,0,1,1,
5,1,0,23,31,0,1,3,
14,1,0,1,28,0,1,14,
2,1,0,1,4,0,1,1,
2,1,0,1,4,0,1,1,
5,1,0,11,44,10,0,4,
4,0,0,8,22,4,8,3,
12,1,0,21,41,52,3,9,
3,1,0,1,5,0,2,3,
3,1,0,12,21,0,1,2,
7,1,0,0,26,19,2,2,
4,1,0,3,14,0,0,4,
7,1,1,3,8,21,2,7,
4,1,0,3,7,0,2,4,
10,1,0,3,20,25,6,10,
2,1,0,0,17,1,1,2,
9,1,0,4,38,0,1,6,
13,1,0,5,41,6,0,8,
2,1,0,0,2,1,3,2,
7,1,0,1,19,0,2,6,
4,0,0,11,17,0,1,3,
3,1,0,1,4,1,0,3,
4,1,0,3,27,0,1,4,
4,0,0,13,16,6,1,1,
3,0,14,10,16,3,14,1,
3,1,0,6,6,3,1,3,
5,1,0,12,30,4,1,4,
4,0,0,4,6,4,2,4,
3,0,0,4,8,3,1,1,
4,1,0,6,18,0,2,4,
4,0,0,8,9,6,1,1,
10,1,0,0,40,0,1,7,
8,1,0,3,20,0,1,7,
2,0,0,6,4,1,0,1,
2,1,0,2,8,0,1,2,
3,1,0,0,6,1,1,3,
3,1,0,14,15,0,1,2,
4,1,0,2,5,0,0,4,
4,0,0,9,12,6,1,1,
2,1,0,5,18,1,3,2,
2,1,0,2,4,1,0,1,
2,1,0,1,3,1,1,2,
5,1,0,0,7,10,6,5,
4,0,0,12,17,6,1,1,
4,0,0,12,22,6,1,1,
2,1,0,0,4,0,0,2,
7,1,0,1,9,3,36,6,
10,0,0,1,22,21,3,9,
3,1,0,0,6,0,1,2,
4,0,0,8,8,6,1,1,
4,0,0,16,19,4,1,3,
3,1,0,5,9,0,1,2,
2,1,0,3,4,0,1,1,
5,1,0,0,5,10,2,5,
4,1,0,2,17,0,1,4,
3,0,0,14,14,3,1,1,
4,0,0,9,11,6,1,1,
12,1,30,8,30,54,73,11,
3,1,0,8,15,0,1,2,
3,1,0,11,20,0,1,2,
7,0,0,24,48,19,1,4,
4,0,0,8,8,6,1,1,
3,1,8,1,25,1,8,1,
5,1,0,9,31,0,1,3,
7,0,0,13,18,19,2,6,
5,0,0,27,46,4,1,5,
14,0,0,22,38,85,6,10,
6,1,0,0,6,15,29,6,
1,1,0,1,1,0,1,1,
3,1,0,9,15,0,1,2,
3,1,0,8,16,0,1,2,
4,1,0,10,29,4,2,3,
2,0,0,4,10,1,1,1,
4,0,0,8,9,6,1,1,
1,1,0,0,2,0,0,1,
3,1,3,2,4,1,6,3,
5,2,0,2,25,0,1,3,
4,2,0,0,7,4,0,2,
5,1,0,8,20,2,1,3,
8,0,0,9,22,0,1,8,
3,1,0,0,3,3,3,3,
1,1,0,2,1,0,3,1,
9,1,0,2,14,16,1,5,
0,1,0,0,0,0,12,0,
2,1,0,3,5,1,102,1,
4,0,0,11,14,6,1,1,
2,1,0,1,2,1,4,2,
2,0,0,5,4,0,2,2,
7,1,0,0,16,21,4,4,
7,1,0,0,8,1,1,0,
6,1,0,0,28,15,0,3,
1,1,0,1,2,0,2,1,
3,1,0,8,15,3,1,3,
5,2,0,1,8,6,5,3,
5,1,0,2,10,0,1,4,
10,1,0,1,20,0,2,10,
2,1,0,4,7,0,1,2,
12,1,0,20,39,28,1,9,
5,0,0,7,36,4,1,3,
37,1,0,5,50,0,28,33,
10,0,0,20,44,45,1,5,
6,0,0,9,11,13,1,6,
7,1,0,1,7,21,19,7,
4,0,0,4,11,0,2,4,
12,1,0,38,93,36,26,3,
4,1,0,0,19,2,1,3,
2,1,0,9,12,1,0,2,
3,1,0,2,5,1,16,2,
4,0,0,23,39,4,1,3,
9,0,0,31,50,22,2,7,
19,1,0,5,66,0,2,10,
2,1,0,1,7,1,1,1,
3,1,0,0,5,0,1,3,
11,1,0,5,26,53,1,2,
6,1,0,0,6,15,3,6,
2,1,0,2,2,1,2,2,
2,1,0,2,8,0,1,2,
7,1,0,6,33,0,2,5,
7,0,0,20,30,7,1,3,
36,1,0,7,95,490,8,33,
2,0,0,3,5,1,1,1,
2,0,0,4,18,1,1,2,
44,0,0,54,131,722,41,30,
3,1,0,1,6,3,1,3,
4,1,0,4,12,0,1,4,
16,0,0,2,45,0,88,15,
6,1,0,4,16,0,16,5,
8,0,0,2,18,28,1,8,
7,0,0,28,41,9,2,5,
2,0,0,4,18,1,0,2,
9,0,0,33,48,28,2,6,
4,1,0,8,21,0,1,3,
3,1,0,2,3,3,8,3,
6,1,0,0,12,3,5,6,
58,1,0,26,122,1631,6,45,
4,0,0,12,21,0,1,2,
3,1,0,8,10,1,1,3,
5,1,0,17,26,2,0,4,
3,1,0,6,14,0,1,3,
4,0,0,4,12,6,3,3,
30,1,0,20,137,341,4,24,
5,1,0,2,16,0,21,5,
7,1,0,4,9,21,7,7,
1,1,0,0,1,0,5,1,
4,0,0,5,5,6,1,3,
3,1,0,0,18,0,3,3,
3,0,0,5,8,0,0,3,
4,0,0,13,13,6,2,3,
9,1,0,24,40,16,1,8,
5,1,0,8,10,4,1,4,
5,0,0,4,6,8,1,4,
8,1,0,3,20,0,1,5,
5,1,0,0,5,10,16,5,
5,1,0,4,13,10,14,4,
4,2,0,0,7,4,0,2,
6,0,0,3,8,9,1,1,
3,1,0,3,3,3,11,3,
4,0,0,13,20,4,1,3,
5,0,0,13,24,0,1,3,
30,1,0,9,64,13,154,24,
3,1,0,8,10,1,1,3,
4,1,0,7,18,0,1,3,
7,0,0,3,19,0,3,4,
6,1,0,5,24,0,1,6,
5,1,0,5,9,10,1,5,
0,1,0,0,0,0,0,0,
12,1,0,0,19,42,10,10,
9,1,0,1,16,14,181,8,
5,1,0,10,30,0,1,5,
2,1,0,1,2,1,17,2,
7,1,0,21,31,21,7,3,
2,3,0,2,16,0,1,2,
4,0,0,9,13,4,0,4,
4,0,0,14,17,6,1,1,
4,0,0,8,9,6,1,1,
12,1,0,3,22,40,2,8,
2,1,0,4,2,1,4,2,
11,1,0,0,20,0,3,11,
3,0,0,5,5,0,1,1,
8,0,0,10,15,26,3,4,
4,1,0,0,15,0,1,3,
0,1,0,0,0,0,10,0,
19,1,0,6,64,55,11,12,
17,3,0,1,28,0,5,17,
4,0,0,8,10,6,1,1,
11,1,0,4,21,0,12,11,
2,0,0,5,11,1,1,1,
11,0,0,25,49,47,1,6,
3,0,0,4,10,1,0,3,
20,1,0,0,27,0,3,18,
2,1,0,1,12,0,1,2,
8,1,0,40,61,0,2,2,
10,1,0,9,21,0,1,10,
4,1,0,14,57,4,0,2,
10,1,0,9,37,15,2,5,
1,1,0,0,2,0,0,1,
1,1,0,1,2,0,2,1,
4,1,0,7,24,0,3,3,
5,1,0,6,20,10,1,2,
6,0,0,21,46,0,1,3,
8,1,0,1,12,24,19,8,
1,1,0,0,1,0,9,1,
11,2,0,5,30,23,12,9,
5,0,0,17,23,6,1,3,
3,1,0,1,11,0,4,2,
10,1,0,8,20,0,0,10,
9,1,0,3,23,0,1,8,
5,1,0,0,5,10,1,5,
2,0,0,7,16,0,1,2,
11,1,0,17,68,27,6,10,
12,0,25,13,26,42,25,3,
3,0,0,8,9,1,1,3,
17,1,0,46,85,72,2,9,
2,1,0,2,4,1,1,1,
2,1,0,1,4,1,1,1,
3,1,0,1,7,1,1,2,
8,1,0,7,22,0,1,4,
2,1,0,2,4,1,1,1,
2,1,0,4,4,0,1,2,
2,1,0,1,4,0,1,1,
2,1,0,8,14,0,1,2,
5,0,0,17,26,0,1,3,
13,2,0,1,23,68,205,13,
7,2,0,1,13,11,5,5,
2,2,0,2,9,0,1,1,
8,1,0,0,41,0,15,7,
2,1,0,1,6,0,1,1,
2,2,0,2,10,0,1,1,
1,1,0,1,1,0,13,1,
2,1,0,1,5,0,1,1,
13,1,0,0,28,72,1,11,
7,1,0,17,24,9,1,4,
9,0,0,10,25,0,3,9,
4,0,0,5,10,6,1,3,
10,1,0,2,14,11,5,10,
6,0,0,4,29,15,1,1,
5,1,0,1,20,10,0,5,
8,2,0,1,17,14,60,6,
9,0,0,5,17,6,0,9,
3,0,0,6,13,3,0,3,
8,0,0,3,10,16,1,1,
5,1,0,3,13,0,1,5,
6,0,0,17,26,13,1,5,
2,0,0,9,7,0,1,2,
3,1,0,2,13,0,2,3,
3,0,0,9,14,3,1,1,
3,1,0,8,16,3,1,3,
3,1,0,1,4,3,0,3,
20,1,0,0,46,188,4,15,
8,0,0,25,50,26,2,4,
5,0,0,14,26,0,1,3,
4,1,0,2,5,0,1,1,
15,1,0,13,35,77,9,7,
5,1,0,24,25,4,2,5,
4,5,0,1,9,6,0,4,
2,1,0,2,8,0,1,2,
5,1,0,13,18,0,3,5,
5,1,0,9,12,0,1,4,
2,0,0,12,19,0,1,2,
4,0,0,11,16,4,1,3,
7,0,0,12,19,7,1,7,
7,2,0,1,15,7,7,4,
2,1,0,3,5,1,2,2,
4,0,0,13,21,0,1,2,
17,0,5,9,22,112,9,8,
2,1,0,8,14,0,1,2,
12,1,6,3,23,20,6,2,
7,1,0,15,48,9,12,6,
4,1,0,8,9,0,6,4,
4,1,0,2,4,6,41,4,
4,0,0,12,30,0,1,3,
4,1,0,9,19,6,1,3,
2,0,0,1,4,1,1,2,
4,0,0,12,18,0,1,2,
3,0,0,8,7,1,1,0,
4,0,0,9,13,4,1,3,
11,1,0,3,30,53,3,8,
12,1,0,6,33,20,7,8,
7,0,0,30,52,3,1,2,
6,1,0,2,12,1,1,6,
5,1,0,0,11,0,3,3,
4,1,0,0,17,6,1,4,
8,1,0,1,30,20,62,6,
9,1,0,3,24,0,8,9,
3,1,0,0,6,3,2,2,
2,1,0,1,4,0,1,1,
2,1,0,1,5,0,1,1,
2,0,0,3,17,1,1,2,
7,0,0,10,23,11,1,3,
6,0,0,21,28,5,1,5,
6,1,0,4,26,5,11,4,
9,1,0,18,29,16,1,7,
9,0,0,10,35,0,8,6,
3,0,0,9,21,3,1,3,
1,1,0,0,1,0,6,1,
3,1,0,11,20,0,1,2,
9,1,0,19,35,14,1,7,
1,1,0,1,1,0,2,1,
3,1,0,1,4,3,1,2,
6,1,0,15,29,7,4,4,
2,1,0,9,9,0,1,1,
3,1,0,2,4,1,1,2,
2,1,0,6,13,0,1,1,
15,1,0,9,29,25,10,15,
2,1,0,6,6,0,1,1,
5,1,0,1,19,4,0,4,
3,0,0,4,11,1,0,3,
5,1,0,5,36,8,1,2,
6,1,0,1,7,5,2,0,
4,2,0,0,7,4,8,2,
4,2,0,0,7,4,7,2,
2,1,0,0,5,1,1,2,
3,0,0,4,6,3,1,1,
4,0,0,5,11,2,4,4,
6,1,0,0,12,0,3,6,
9,1,0,5,23,0,3,5,
4,2,0,0,7,4,6,2,
6,0,0,26,48,13,1,1,
4,0,0,8,8,6,1,1,
3,0,0,5,13,3,1,3,
3,1,0,10,16,1,2,3,
4,1,0,2,12,0,1,3,
15,1,0,6,26,0,68,14,
4,1,0,2,24,4,1,3,
2,1,0,0,5,0,5,2,
3,1,0,2,6,3,1,2,
4,0,0,8,21,4,1,3,
3,0,0,8,13,0,1,3,
2,0,0,10,12,0,1,2,
7,1,0,20,28,21,3,3,
7,0,0,12,23,9,2,6,
2,1,0,1,5,0,2,2,
8,1,0,0,26,26,5,7,
5,1,0,1,14,4,17,4,
3,1,0,6,11,0,0,3,
2,1,0,0,2,1,1,2,
3,1,0,4,8,1,2,3,
2,1,0,3,4,1,1,2,
2,1,0,0,8,0,1,2,
2,1,0,0,4,1,0,2,
0,1,0,0,0,0,0,0,
7,1,0,2,23,1,27,6,
2,0,0,3,8,0,6,1,
6,1,0,8,30,3,1,1,
6,2,0,0,13,9,6,4,
5,1,0,6,16,0,1,1,
4,1,0,16,30,6,2,3,
2,1,0,1,17,0,1,2,
57,0,2,33,156,1378,29,46,
3,0,0,13,15,3,1,1,
8,1,0,2,37,26,4,7,
4,2,0,0,7,4,1,2,
7,1,0,35,48,1,0,2,
8,1,0,39,60,4,0,2,
6,0,0,5,21,5,1,5,
8,0,0,16,30,28,1,4,
5,0,0,9,15,0,2,4,
8,0,2,9,9,24,2,2,
3,1,0,0,4,0,1,2,
2,0,0,7,4,1,1,2,
10,1,0,18,31,7,1,8,
13,2,0,0,20,66,6,5,
3,1,0,5,7,0,0,3,
13,1,0,8,31,50,1,12,
3,1,0,2,6,0,2,2,
14,1,0,1,16,37,2,14,
5,1,0,4,7,8,1,4,
1,1,0,0,1,0,3,1,
3,1,0,3,3,3,24,3,
13,1,0,3,44,0,1,10,
12,0,0,17,31,6,2,10,
6,1,22,4,9,13,22,6,
4,0,0,8,10,6,1,1,
2,1,0,2,4,1,3,2,
7,1,0,2,13,1,9,7,
4,0,0,10,12,6,1,1,
1,3,0,0,2,0,6,1,
11,1,0,21,49,15,2,8,
8,1,0,4,29,18,3,8,
3,1,0,3,3,3,21,3,
11,0,0,5,22,19,82,11,
10,1,0,4,25,0,7,10,
3,1,0,2,7,1,1,2,
3,1,0,12,15,0,1,2,
4,1,0,0,6,0,10,4,
3,0,0,7,11,3,1,1,
2,1,0,5,12,0,1,1,
2,1,0,0,2,1,4,2,
5,1,0,21,33,0,4,3,
8,0,0,13,18,26,3,4,
1,1,0,0,1,0,3,1,
6,1,0,3,21,0,1,1,
7,0,0,7,30,19,1,1,
1,1,0,2,2,0,2,1,
4,1,0,3,13,0,0,3,
7,1,0,1,9,0,11,7,
3,1,0,3,6,0,1,3,
8,0,0,12,17,28,3,3,
8,0,0,11,17,28,2,3,
5,4,0,1,16,0,4,5,
7,1,0,3,7,21,5,7,
6,1,0,1,27,0,1,3,
3,1,0,7,10,0,1,2,
4,1,0,7,23,0,4,4,
4,1,0,4,12,0,0,0,
3,1,0,2,18,3,1,3,
5,0,0,13,25,10,1,4,
3,0,0,16,23,1,0,3,
4,1,3,5,32,6,4,3,
4,1,0,0,5,0,1,3,
2,1,0,14,30,0,0,2,
8,1,0,2,31,0,1,5,
3,0,0,6,9,3,1,1,
4,0,0,12,18,0,1,2,
4,1,0,3,13,0,1,3,
10,1,0,1,27,29,1,4,
8,1,0,4,16,0,2,6,
2,1,0,1,13,1,0,2,
5,1,0,21,46,0,1,4,
5,2,0,4,11,6,2,3,
21,0,0,15,46,178,13,18,
3,1,0,10,22,1,1,3,
5,1,0,1,10,8,5,5,
2,1,0,3,16,0,0,2,
5,1,0,6,5,10,16,5,
3,0,0,5,7,3,0,3,
7,1,0,7,23,1,1,7,
2,1,0,4,12,1,0,2,
4,1,0,6,17,0,1,3,
23,1,0,16,91,251,1,4,
1,1,0,1,1,0,2,1,
8,1,0,2,11,10,4,7,
6,1,0,1,17,9,1,3,
8,1,0,22,32,16,3,3,
12,1,0,12,59,50,1,7,
2,0,0,1,5,1,1,0,
4,1,0,2,4,6,5,4,
8,0,0,14,20,28,3,3,
11,0,0,20,28,49,2,7,
16,1,0,7,16,120,77,16,
4,0,0,20,28,6,2,3,
3,1,0,3,6,0,1,2,
3,0,0,13,23,3,4,1,
5,1,0,2,20,0,1,3,
2,1,0,4,7,0,1,2,
3,0,0,6,9,3,1,1,
20,2,0,15,36,174,11,8,
18,1,0,20,39,67,1,11,
4,0,0,13,18,6,1,1,
1,1,0,1,2,0,2,1,
8,1,0,5,32,0,2,7,
5,1,0,6,8,8,8,5,
2,1,0,3,4,0,1,2,
7,1,0,0,21,0,1,4,
13,0,0,17,34,0,1,11,
7,1,0,0,8,9,1,5,
9,0,0,10,31,16,1,9,
8,1,0,3,37,0,2,6,
23,1,0,5,39,77,4,21,
2,1,0,3,8,1,1,2,
3,0,0,10,15,3,1,1,
8,1,0,9,50,20,2,3,
8,1,0,12,28,16,3,6,
4,1,0,6,25,0,1,4,
18,1,1,6,36,0,1,18,
5,1,0,0,16,6,0,3,
5,1,0,2,11,0,5,4,
4,1,0,1,9,0,2,3,
3,0,0,14,22,3,1,1,
3,1,0,5,4,3,1,3,
2,0,0,4,10,1,1,1,
3,1,0,6,10,1,1,3,
3,1,0,10,12,0,1,2,
18,2,0,6,61,119,4,8,
1,1,0,3,1,0,260,1,
2,0,0,3,7,1,1,1,
5,2,0,0,8,6,6,3,
1,1,0,0,2,0,0,1,
7,1,0,25,42,0,2,2,
2,1,0,1,2,1,8,2,
2,0,0,4,9,1,1,1,
5,0,0,8,7,10,1,5,
1,1,0,2,2,0,2,1,
4,0,3,3,10,0,3,3,
44,0,0,39,132,596,39,40,
24,0,0,2,43,130,3,23,
16,1,0,20,37,0,2,10,
3,1,1,1,9,1,2,2,
5,1,0,1,7,0,3,5,
4,1,0,3,13,0,1,4,
13,1,0,11,34,0,4,7,
3,1,0,2,4,0,6,3,
3,1,0,12,18,1,1,2,
7,0,0,4,15,0,10,7,
3,1,2,0,5,1,3,3,
4,0,0,3,5,4,2,4,
159,1,1,11,254,12093,14,151,
0,1,0,0,0,0,459,0,
5,1,5,1,13,0,8,4,
19,1,0,3,31,127,7,17,
5,1,0,6,10,0,1,5,
3,1,0,0,18,3,1,3,
4,0,0,13,16,6,1,1,
7,1,0,15,39,15,1,3,
8,1,0,1,15,8,4,8,
3,1,0,4,5,1,1,2,
3,1,0,10,15,0,1,3,
2,0,0,4,5,1,1,2,
3,0,0,4,8,3,1,1,
21,1,0,16,73,74,1,8,
3,0,0,3,5,3,2,3,
8,1,0,9,53,0,1,4,
1,1,0,2,1,0,3,1,
8,1,0,19,56,22,1,3,
3,1,0,5,9,0,1,3,
3,1,0,19,16,0,0,3,
22,1,0,12,48,87,14,18,
8,0,0,10,15,28,3,3,
3,2,0,2,45,1,1,1,
7,1,0,16,44,0,1,6,
3,1,0,11,20,0,1,2,
1,1,0,1,1,0,13,1,
3,1,0,8,15,0,1,2,
3,2,0,1,10,0,1,2,
9,1,0,17,30,10,0,5,
5,1,0,4,18,4,1,4,
4,0,0,11,17,2,1,2,
4,1,0,1,16,0,1,3,
12,1,0,14,56,0,3,6,
3,1,0,0,3,3,100,3,
4,2,0,0,7,4,1,2,
11,0,0,24,62,55,1,1,
3,1,0,11,21,3,1,3,
3,1,0,0,7,3,1,2,
2,1,0,3,11,0,1,2,
3,0,0,4,8,3,1,1,
20,0,0,4,34,148,38,20,
3,1,0,7,9,0,1,2,
4,1,0,1,8,0,5,4,
5,0,0,16,28,10,1,3,
5,2,0,0,10,6,8,3,
4,1,0,2,5,0,5,4,
7,0,0,23,27,13,1,5,
42,1,0,3,98,701,6,38,
9,1,62,6,26,24,62,5,
3,0,0,4,5,3,6,1,
3,1,0,13,33,1,1,3,
5,0,0,18,21,8,1,3,
3,1,0,8,15,0,1,2,
10,1,0,5,44,33,10,3,
3,1,0,11,20,0,1,2,
7,1,0,4,35,0,1,6,
7,1,0,2,17,1,11,7,
35,1,0,16,85,61,36,16,
9,1,0,0,16,0,1,8,
1,1,0,1,1,0,147,1,
15,1,0,6,51,25,13,8,
5,1,0,0,6,0,0,5,
2,0,0,12,19,0,1,2,
2,1,0,2,3,0,2,2,
5,1,0,3,18,0,1,5,
3,1,0,10,27,0,1,3,
2,1,0,6,6,0,1,1,
3,1,0,8,18,0,1,2,
14,1,0,0,32,31,2,13,
3,1,0,10,21,3,1,3,
3,1,0,8,14,0,1,2,
9,1,19,7,25,20,19,6,
3,1,1,1,5,3,4,3,
2,0,0,3,5,1,1,1,
2,1,0,2,2,1,2,2,
5,1,0,2,11,0,1,1,
4,0,0,25,30,0,3,4,
9,1,0,20,51,20,7,6,
5,1,0,5,14,4,1,4,
4,0,0,12,15,4,1,3,
3,0,0,9,11,3,1,1,
2,1,0,0,11,0,1,2,
5,1,0,7,21,4,1,4,
51,1,1,13,110,997,20,35,
2,1,0,3,5,0,1,2,
4,0,0,12,12,0,4,4,
3,1,0,1,4,1,1,3,
7,1,0,1,16,19,9,6,
3,1,0,20,33,1,1,3,
12,1,0,2,17,0,4,7,
4,2,0,0,7,4,3,2,
4,2,0,0,7,4,0,2,
4,2,0,0,7,4,1,2,
4,1,0,7,18,0,1,3,
3,0,0,7,11,3,1,1,
6,0,2,9,7,11,2,3,
25,1,0,3,36,144,4,25,
4,0,0,12,14,6,1,1,
11,0,0,16,32,43,16,7,
5,1,3,9,12,0,3,3,
6,0,0,14,31,3,1,4,
4,2,0,0,7,4,9,2,
4,0,0,20,29,6,1,1,
5,0,0,34,48,10,2,4,
4,1,0,0,5,2,1,0,
12,0,0,6,17,22,8,12,
2,1,0,4,6,0,1,1,
2,1,0,1,3,0,1,2,
1,1,0,0,2,0,0,1,
17,1,0,8,40,18,6,11,
3,1,0,2,4,0,8,3,
9,2,0,0,17,4,24,7,
2,1,0,4,16,0,0,2,
9,0,0,12,20,36,3,3,
5,0,0,18,36,0,1,3,
4,1,0,5,11,0,1,3,
12,1,0,1,21,0,3,11,
2,0,0,2,7,0,1,2,
18,0,0,27,62,97,12,12,
7,1,6,3,21,9,6,4,
6,1,0,1,9,5,1,6,
2,1,0,3,3,1,1,1,
22,1,0,6,43,211,1,10,
9,1,0,7,38,36,1,8,
15,1,0,9,15,105,54,15,
4,0,0,11,20,0,1,4,
4,0,0,7,12,6,1,3,
36,1,0,19,36,630,188,36,
4,0,0,16,25,0,0,3,
7,1,0,29,38,15,6,3,
1,1,0,0,2,0,2,0,
10,1,0,44,61,45,37,7,
8,1,0,15,30,10,1,7,
13,1,0,11,35,0,1,13,
8,1,0,0,14,28,65,6,
2,1,0,2,2,1,1,2,
8,0,0,24,43,26,1,5,
5,0,4,6,13,4,4,2,
7,0,0,4,17,0,1,5,
5,0,0,15,20,0,1,3,
9,0,0,34,76,36,4,7,
4,1,0,5,18,0,1,3,
6,1,0,1,14,3,89,6,
4,1,0,3,4,6,4,4,
7,0,0,18,47,0,1,5,
2,1,0,1,3,0,1,2,
2,0,0,1,4,1,23,2,
1,1,0,2,1,0,4,1,
2,0,0,7,11,0,1,2,
5,0,0,32,43,8,0,5,
5,0,0,31,53,8,0,5,
8,2,0,7,21,6,1,2,
16,1,0,1,53,118,6,10,
3,1,0,10,15,0,1,3,
4,1,0,3,7,0,4,4,
7,1,2,1,17,9,2,4,
8,1,0,8,97,26,3,4,
24,1,0,14,24,276,138,24,
4,1,0,5,7,0,0,4,
2,0,0,3,4,1,2,1,
3,1,0,4,11,0,1,1,
4,1,0,0,19,2,1,2,
4,1,2,0,5,0,2,4,
1,1,0,0,1,0,6,1,
6,1,0,21,25,3,1,6,
2,1,0,1,2,1,8,2,
4,0,0,8,22,4,1,3,
10,1,0,8,32,27,1,10,
13,1,0,7,34,40,3,7,
4,1,0,2,10,0,1,4,
42,0,5,43,125,799,33,34,
3,0,0,8,11,3,1,1,
14,1,0,1,23,0,9,14,
3,1,0,1,3,3,10,3,
6,0,0,15,34,0,1,3,
3,1,0,0,3,3,3,3,
3,1,0,5,12,1,2,2,
3,0,0,19,25,1,1,3,
4,0,0,18,22,4,1,2,
12,1,0,14,32,52,3,5,
3,0,0,9,13,3,1,1,
4,0,0,9,14,4,1,2,
18,0,0,17,52,143,1,12,
4,2,0,0,7,4,2,2,
22,1,0,32,59,207,120,18,
2,1,0,1,9,0,1,2,
2,1,0,5,15,0,1,2,
4,0,0,9,12,4,1,3,
2,1,0,0,6,1,0,2,
72,1,0,32,133,2258,4,64,
4,1,0,6,22,0,1,4,
4,0,0,10,12,6,1,1,
6,1,0,1,15,5,2,6,
2,3,3,0,3,1,3,1,
5,0,0,22,38,4,1,5,
7,1,0,4,17,9,1,5,
4,0,0,8,9,6,1,1,
3,1,0,0,3,3,43,3,
10,1,0,3,23,29,0,0,
10,1,0,0,11,0,1,7,
4,1,0,3,13,0,1,1,
4,1,0,5,21,0,1,2,
2,0,0,17,28,0,3,2,
1,1,0,0,2,0,0,1,
15,1,0,19,38,79,1,10,
3,0,0,4,8,3,1,1,
5,0,0,12,33,8,1,3,
3,0,0,1,4,3,1,0,
3,0,0,1,4,3,1,0,
5,0,0,18,22,8,1,3,
15,1,0,1,44,105,6,13,
8,1,75,7,23,16,75,4,
2,1,0,2,2,1,4,2,
2,1,0,14,14,0,1,1,
7,0,0,40,58,0,1,3,
42,1,0,16,135,0,23,36,
12,1,0,2,35,44,1,11,
2,1,0,2,15,0,2,2,
6,1,0,1,11,0,3,6,
6,1,0,14,26,13,1,4,
3,0,0,1,4,3,1,0,
3,0,0,1,4,3,1,0,
11,0,0,4,17,0,56,11,
23,1,0,5,46,161,27,15,
7,1,0,4,7,21,190,7,
9,0,0,10,31,6,1,9,
13,1,0,2,44,0,3,9,
2,0,0,4,4,1,1,2,
8,0,0,3,22,28,1,7,
2,0,0,4,4,1,1,2,
2,0,0,8,15,0,1,2,
3,0,0,4,5,3,1,1,
6,2,0,0,11,9,4,6,
3,0,0,16,23,1,0,3,
9,0,0,10,19,16,2,0,
5,1,0,10,21,2,2,4,
6,1,0,4,24,0,1,5,
2,1,0,1,10,0,1,2,
3,1,0,1,5,0,5,3,
12,0,0,16,38,30,6,9,
9,1,0,1,16,0,0,9,
20,0,0,29,93,190,7,3,
4,0,0,6,9,6,1,3,
2,0,0,4,19,1,0,2,
6,0,0,19,24,13,1,5,
3,1,0,8,15,0,1,2,
3,1,0,11,20,0,1,2,
8,1,0,7,38,0,18,8,
6,1,8,9,17,13,9,0,
8,0,0,11,26,12,1,3,
2,1,0,3,2,1,29,2,
8,1,0,2,16,8,1,6,
5,0,0,2,10,0,4,2,
7,1,0,2,20,0,2,7,
2,1,0,1,9,0,1,2,
7,1,0,7,17,0,1,7,
22,0,0,28,61,85,4,8,
3,0,0,4,8,3,1,1,
3,1,0,10,14,3,1,3,
6,1,6,1,10,9,6,5,
10,1,0,0,14,13,1,0,
6,0,0,20,37,5,3,5,
4,0,0,8,13,4,1,4,
4,2,0,0,7,4,1,2,
11,1,0,5,33,0,2,9,
7,0,0,1,16,1,2,3,
3,1,0,8,18,3,1,3,
10,5,0,0,23,31,1,10,
4,2,0,0,7,4,1,2,
20,0,0,39,76,178,1,11,
2,1,0,1,11,0,1,2,
3,0,0,4,13,3,1,1,
12,1,0,11,37,58,1,3,
2,0,0,2,3,0,2,2,
10,0,0,13,21,45,3,5,
13,1,0,3,37,48,1,5,
11,0,0,41,63,41,2,7,
3,1,0,1,3,3,73,3,
4,1,0,0,4,6,7,4,
6,1,0,1,10,0,24,3,
3,1,0,1,7,3,0,3,
7,1,0,16,18,15,1,7,
11,1,3,3,18,39,5,8,
4,0,0,9,12,6,1,1,
6,1,0,13,26,13,1,4,
4,1,0,6,25,4,0,2,
8,1,0,33,89,0,3,4,
5,0,0,4,27,10,1,3,
5,1,0,0,6,0,5,1,
9,1,0,6,15,18,1,5,
1,1,0,2,1,0,8,1,
2,1,0,3,5,0,1,2,
15,0,0,40,98,91,1,0,
1,1,0,3,1,0,2,1,
5,0,0,5,26,0,1,4,
4,1,0,7,20,0,1,3,
3,1,0,12,27,1,1,3,
1,1,0,1,1,0,16,1,
16,1,0,17,56,108,6,15,
1,1,0,1,1,0,3,1,
7,0,0,33,65,13,1,0,
5,1,0,3,6,10,25,5,
6,1,0,10,26,0,1,5,
12,1,0,0,12,66,4,12,
3,0,0,6,11,3,1,1,
1,1,0,1,1,0,19,1,
10,0,0,12,29,0,1,6,
5,1,0,2,9,2,1,1,
8,1,0,1,27,0,1,7,
2,1,0,7,7,0,1,1,
1,1,0,1,1,0,2,1,
2,1,0,1,12,0,1,1,
17,1,0,40,103,32,2,3,
5,1,0,20,33,0,1,5,
2,1,0,4,6,0,1,1,
2,0,0,4,8,0,1,2,
4,0,0,16,24,6,1,1,
4,0,0,12,18,0,1,2,
3,1,0,10,18,1,1,3,
2,1,0,1,2,1,5,2,
5,0,0,10,27,8,1,3,
8,1,0,0,16,0,3,6,
10,1,0,3,13,25,1,10,
6,1,0,4,26,1,1,6,
7,2,0,2,13,19,1,5,
4,0,0,12,17,4,1,3,
2,1,0,0,2,1,3,2,
2,1,0,1,2,1,8,2,
4,1,0,2,13,0,2,3,
2,1,0,4,4,0,1,1,
6,0,0,26,39,3,2,5,
3,1,0,5,7,3,2,3,
8,1,0,11,20,0,1,8,
2,1,0,1,2,1,4,2,
6,1,0,0,11,0,0,5,
1,1,0,1,1,0,451,1,
9,1,0,11,37,6,1,2,
5,1,0,8,12,4,1,4,
4,0,0,17,18,4,1,3,
3,1,0,36,34,1,0,3,
4,1,0,0,4,6,3,4,
14,0,0,31,75,37,3,7,
3,1,0,0,3,3,3,3,
13,1,2,7,48,60,2,6,
16,1,0,26,78,64,6,9,
2,1,0,1,4,0,1,1,
5,2,0,0,10,6,3,3,
1,1,0,0,1,0,62,1,
1,1,0,1,1,0,2,1,
11,0,0,6,27,15,5,10,
2,1,0,2,8,0,1,2,
4,1,0,2,14,0,4,4,
5,1,0,2,7,0,1,0,
6,1,0,1,20,0,107,6,
4,0,0,9,13,4,1,3,
3,0,0,5,10,3,1,1,
4,2,0,0,7,4,0,2,
3,0,0,8,7,1,1,0,
15,1,1,1,29,75,1,14,
3,1,0,7,10,0,1,3,
3,0,0,4,4,1,4,3,
8,0,0,1,16,0,2,6,
3,1,0,2,4,3,1,2,
4,2,0,0,7,4,0,2,
3,1,0,2,4,3,1,2,
5,0,0,28,34,8,1,5,
3,1,0,2,4,3,1,2,
3,1,0,2,4,3,1,2,
2,0,0,3,16,1,1,2,
1,1,0,0,1,0,4,1,
15,1,0,25,64,93,0,3,
2,0,0,3,7,0,1,1,
7,0,3,15,22,7,3,1,
3,1,0,2,9,0,1,3,
3,1,0,10,27,1,1,3,
21,1,0,25,43,136,1,21,
7,1,0,7,14,21,9,6,
5,0,0,34,61,10,1,4,
4,1,32,2,9,0,32,4,
3,0,0,12,35,1,0,3,
5,1,0,6,9,4,1,4,
5,1,0,4,10,10,6,5,
4,1,0,2,8,0,2,4,
3,1,0,2,5,1,1,2,
8,1,0,0,29,4,1,3,
5,0,0,34,50,10,2,4,
6,1,0,5,22,0,18,6,
4,0,0,8,9,6,1,1,
2,0,0,10,9,0,1,1,
4,0,0,23,32,6,1,1,
8,0,0,11,17,8,1,8,
12,1,0,16,29,46,2,10,
5,1,0,6,7,8,3,5,
4,2,0,0,7,4,38,2,
6,0,0,10,25,1,1,5,
6,1,0,4,23,9,0,3,
11,6,0,6,45,53,3,3,
3,0,0,10,13,3,1,1,
2,1,0,2,4,1,5,2,
4,0,0,21,30,6,1,1,
6,0,0,10,17,0,3,5,
4,1,0,0,25,0,1,1,
3,1,0,2,17,0,1,2,
6,1,0,17,50,13,2,3,
0,1,0,0,0,0,325,0,
8,1,0,2,21,0,2,8,
4,0,0,8,15,0,1,4,
4,1,0,1,13,0,1,4,
3,0,0,8,12,3,1,1,
10,1,0,1,21,0,4,8,
2,1,0,0,7,1,2,2,
7,1,0,1,11,9,2,5,
8,0,0,9,29,16,6,7,
5,1,2,5,15,0,3,3,
8,6,0,4,57,28,3,2,
3,0,0,8,12,3,1,1,
5,0,0,9,15,0,1,4,
13,1,0,10,28,0,3,13,
4,0,0,12,23,6,1,1,
4,0,0,10,17,4,1,4,
3,1,0,8,9,0,1,2,
8,1,0,7,19,8,1,4,
5,1,0,7,21,0,1,2,
3,1,0,3,4,3,0,2,
7,0,0,11,17,7,1,7,
8,1,0,11,22,0,1,8,
3,0,0,14,20,0,1,3,
12,0,0,12,41,60,8,12,
3,1,0,2,7,1,1,2,
7,2,0,0,11,9,8,5,
4,1,0,1,10,0,2,4,
3,0,0,6,9,3,3,1,
3,0,0,12,25,3,1,3,
3,1,0,12,22,3,1,3,
6,1,0,1,14,9,1,3,
13,1,0,6,28,46,4,8,
6,1,0,3,16,3,95,6,
4,0,0,27,41,6,1,1,
2,1,0,3,2,1,2,2,
10,1,0,18,31,7,1,8,
2,1,0,2,2,1,7,2,
2,1,0,3,8,0,1,2,
6,1,0,2,19,15,7,4,
3,1,0,1,14,1,2,3,
5,0,0,16,20,8,1,3,
3,1,0,5,17,0,2,3,
8,2,0,11,21,18,25,6,
17,1,0,33,117,0,1,4,
5,1,0,5,5,10,17,5,
4,1,0,3,9,0,1,4,
4,0,0,2,6,0,0,1,
6,0,0,17,25,13,1,5,
12,0,0,31,53,0,3,9,
18,0,0,34,59,63,1,7,
5,1,0,5,18,0,0,0,
11,1,0,2,23,0,2,10,
4,1,0,3,12,0,0,0,
4,0,0,8,8,6,1,1,
16,0,0,13,44,0,1,14,
9,1,0,1,21,0,4,6,
13,1,0,7,34,0,14,12,
5,0,0,4,13,10,1,5,
2,1,0,1,2,1,132,2,
16,0,0,28,60,42,4,8,
13,1,0,36,68,0,16,10,
12,1,0,4,45,0,3,11,
4,1,0,3,25,2,1,2,
5,1,0,7,32,4,2,3,
3,1,0,6,5,3,1,3,
8,0,0,3,13,6,2,1,
1,1,0,1,1,0,4,1,
4,2,0,0,7,4,3,2,
4,0,0,13,23,6,1,1,
6,2,0,0,9,9,1,4,
5,0,0,21,40,0,1,3,
3,1,0,10,13,1,2,3,
4,0,5,4,8,6,6,2,
5,1,0,10,24,0,1,5,
3,0,0,4,8,3,1,1,
3,0,0,12,19,0,1,2,
27,1,0,32,81,259,5,15,
7,1,0,2,23,21,10,6,
3,1,0,1,16,3,0,2,
3,0,0,6,10,3,0,1,
4,0,0,8,11,6,1,1,
8,1,0,5,29,22,1,3,
29,2,2,0,51,386,10,19,
3,1,0,1,10,0,5,3,
16,0,0,22,71,92,12,8,
1,1,0,1,1,0,7,1,
3,0,0,1,4,1,0,1,
4,2,0,0,7,4,5,2,
2,0,0,10,21,0,1,2,
5,1,0,14,40,8,1,4,
8,0,0,26,46,20,1,6,
5,1,0,7,19,4,1,4,
6,0,0,12,22,15,1,4,
3,0,0,11,9,1,1,0,
31,0,0,4,66,0,13,30,
4,0,0,20,25,4,1,3,
3,1,0,7,6,3,1,3,
4,2,0,0,7,4,0,2,
29,1,0,7,44,14,46,27,
4,0,0,11,16,0,1,4,
4,1,0,1,4,6,9,4,
2,0,0,10,12,0,1,2,
6,0,0,17,36,15,1,1,
4,0,0,11,14,6,1,1,
4,2,0,0,7,4,2,2,
3,1,0,25,37,3,1,2,
3,1,0,2,19,1,1,2,
5,0,0,9,14,0,1,4,
3,0,0,6,9,3,1,1,
4,2,0,0,7,4,3,2,
4,0,0,12,16,0,1,4,
5,0,0,4,6,10,1,4,
5,1,0,2,15,0,1,3,
3,0,0,13,38,1,1,3,
18,1,0,21,67,0,5,12,
5,0,0,19,21,10,1,5,
7,1,0,2,21,0,2,7,
2,0,0,4,4,1,1,2,
13,2,0,2,22,24,21,13,
11,1,0,3,39,41,1,5,
2,1,0,0,2,1,6,2,
4,0,0,9,34,4,1,3,
2,0,0,3,17,1,1,2,
3,1,0,13,17,1,2,3,
3,0,0,5,8,3,1,1,
4,0,0,12,19,0,1,3,
4,1,0,1,9,0,2,4,
6,0,0,12,13,5,1,6,
4,0,0,9,10,4,0,4,
28,1,0,68,194,0,3,5,
6,0,0,3,14,0,76,6,
6,0,0,4,12,11,2,5,
12,1,0,1,29,0,2,1,
10,1,0,0,15,0,5,10,
12,1,0,7,51,24,1,8,
4,0,0,21,20,0,1,4,
3,1,0,9,15,0,1,2,
2,1,0,1,10,1,1,2,
2,0,0,6,4,1,0,1,
6,1,0,2,16,0,3,5,
2,1,0,1,2,1,3,2,
9,1,0,2,22,6,2,9,
4,1,0,1,7,0,19,4,
3,1,0,5,4,3,1,3,
10,1,0,2,32,37,1,3,
7,1,0,0,14,0,3,7,
4,1,0,2,11,4,1,3,
1,4,0,0,2,0,2,1,
9,1,0,25,54,14,2,8,
13,1,0,6,31,30,1,13,
5,2,0,0,8,6,41,3,
14,1,0,8,40,0,6,14,
5,2,0,0,10,6,12,3,
22,1,0,4,71,0,17,17,
8,0,0,20,30,12,2,7,
3,0,0,1,4,1,0,1,
3,1,0,3,17,3,2,2,
2,1,0,4,8,0,1,2,
10,1,0,4,10,45,8,10,
11,1,0,3,41,0,6,10,
15,0,0,11,39,0,2,14,
9,0,0,2,38,0,2,7,
3,1,0,0,8,1,2,1,
9,1,0,1,10,0,0,8,
7,0,0,8,21,21,2,7,
2,1,0,1,9,0,1,2,
41,1,0,29,120,510,8,23,
11,0,0,17,25,43,2,7,
2,1,0,2,9,0,1,1,
8,0,0,3,20,28,1,7,
2,1,0,3,2,1,2,2,
3,0,0,13,20,0,1,2,
4,1,0,3,13,0,1,3,
4,0,0,6,9,0,1,4,
3,0,0,12,18,3,1,1,
2,1,0,3,14,0,1,2,
4,0,0,12,16,6,1,1,
2,0,0,12,19,0,1,2,
3,0,0,8,7,3,5,3,
4,2,0,0,7,4,4,2,
3,1,0,11,21,0,1,2,
4,0,0,12,16,6,1,1,
3,1,0,8,16,0,1,2,
3,0,0,7,7,1,1,0,
4,0,0,9,15,4,1,3,
3,0,0,16,16,0,0,3,
4,2,0,0,7,4,0,2,
3,1,0,1,7,0,1,3,
4,2,0,0,7,4,4,2,
38,1,0,2,91,0,2,32,
3,0,0,4,4,1,6,3,
29,1,0,1,33,322,3,29,
8,1,0,1,25,0,0,5,
12,0,0,26,50,0,1,9,
2,1,0,1,9,0,2,1,
8,0,0,8,24,22,4,5,
5,1,0,7,10,8,22,4,
3,1,0,1,19,3,2,2,
8,0,2,9,40,24,5,4,
8,0,0,6,10,8,5,7,
2,1,0,4,10,0,1,2,
7,1,0,0,15,0,4,7,
3,0,0,5,8,3,1,1,
4,1,0,0,8,0,1,4,
8,1,1,1,17,4,5,8,
5,1,0,3,8,10,1,4,
2,1,0,1,2,1,1,2,
2,1,0,2,8,0,1,2,
12,1,0,1,32,0,9,10,
5,1,0,3,11,4,1,5,
12,1,0,4,26,36,107,10,
1,1,0,1,1,0,6,1,
3,0,0,6,9,3,1,1,
4,0,0,6,9,6,1,3,
8,1,0,14,17,12,1,7,
8,1,0,0,35,10,1,2,
4,1,0,8,18,0,1,3,
2,1,0,3,9,1,1,2,
2,1,0,0,2,1,7,2,
24,6,0,17,145,202,13,2,
3,1,0,10,21,1,1,3,
4,1,0,4,18,0,1,3,
2,1,0,0,3,1,1,0,
5,0,0,15,12,10,1,5,
6,0,0,8,10,13,2,6,
7,1,1,7,16,9,1,7,
3,1,0,1,5,3,1,1,
22,1,0,2,31,0,10,22,
9,1,0,9,16,28,2,8,
3,1,0,4,7,0,0,3,
7,1,0,1,14,0,5,7,
3,1,0,1,4,0,2,3,
2,0,0,3,4,1,2,1,
4,2,0,0,7,4,8,2,
15,1,0,1,49,15,2,6,
9,1,0,1,12,14,2,2,
13,1,0,4,34,56,4,5,
6,1,24,5,10,1,24,3,
4,1,0,2,8,2,1,4,
4,1,0,1,4,6,5,4,
5,1,0,1,18,4,2,4,
1,1,0,3,1,0,11,1,
9,0,0,22,47,34,1,1,
4,0,0,8,10,4,1,4,
5,1,0,1,16,0,12,5,
5,1,0,0,11,0,3,5,
3,1,0,1,12,0,0,3,
3,1,0,3,14,0,1,2,
2,1,0,0,2,1,4,2,
3,1,0,3,12,0,1,2,
3,1,0,3,12,0,1,2,
10,1,0,0,26,25,0,5,
10,0,0,11,22,45,3,3,
3,1,0,5,5,3,1,2,
2,1,0,1,2,1,19,2,
21,1,0,8,56,134,89,19,
3,1,0,4,6,0,1,2,
2,1,0,2,4,1,1,1,
3,1,0,5,35,1,1,3,
7,1,0,2,17,21,2,5,
4,2,0,0,7,4,3,2,
6,1,0,1,14,9,1,3,
3,0,0,5,12,1,1,1,
8,1,0,13,29,28,3,3,
3,1,0,3,14,0,1,2,
15,0,0,13,23,77,8,14,
5,0,0,1,7,10,3,2,
6,1,0,1,19,15,2,3,
8,1,0,5,16,0,3,6,
5,1,2,1,6,10,2,1,
2,1,0,3,12,0,1,2,
1,1,0,0,1,0,12,1,
3,1,0,7,18,0,1,3,
3,0,0,16,20,1,0,3,
19,0,0,19,53,133,2,13,
8,0,0,9,12,28,0,6,
7,0,0,16,46,0,1,5,
8,1,0,1,20,0,2,7,
5,2,0,0,9,6,17,3,
4,1,0,1,7,2,0,3,
17,1,0,6,81,46,1,2,
4,1,0,6,11,0,1,4,
5,0,0,1,7,4,2,5,
2,0,0,3,15,0,1,2,
2,0,0,12,21,0,0,2,
6,1,0,2,10,15,26,6,
4,0,0,13,24,4,0,2,
6,1,0,1,6,15,6,6,
3,1,0,8,12,3,1,3,
6,2,0,2,13,13,6,3,
17,1,0,12,48,72,2,6,
3,0,0,4,10,3,3,1,
40,1,4,20,80,0,4,40,
3,0,0,6,9,3,1,1,
4,0,0,12,15,6,1,1,
4,2,0,0,7,4,2,2,
8,1,11,3,9,22,16,4,
8,1,0,28,52,0,7,5,
3,1,0,8,15,0,1,2,
7,1,0,2,31,13,4,3,
3,1,0,11,20,0,1,2,
63,1,0,27,109,1677,52,59,
6,0,0,25,46,15,1,1,
12,1,1,18,56,42,2,2,
3,1,0,6,6,0,1,2,
2,1,0,4,4,0,1,1,
5,2,0,0,10,6,143,3,
7,1,0,0,9,9,9,5,
7,1,0,23,30,21,3,3,
4,1,0,6,15,0,1,2,
37,1,0,6,68,264,2,3,
27,1,2,13,43,279,15,24,
4,0,0,9,11,6,1,1,
7,1,0,0,11,9,1,1,
8,1,0,14,30,18,1,7,
7,1,0,1,18,0,4,7,
3,1,0,7,16,0,1,3,
5,1,0,15,24,0,1,5,
5,0,0,22,33,10,1,1,
13,1,0,1,19,32,5,13,
3,0,0,5,8,3,1,1,
5,0,0,33,57,10,0,4,
4,2,0,0,7,4,9,2,
2,1,0,19,34,0,1,1,
13276,1632,650,15107,42587,54358,15100,9468,total
"6,31","0,78","0,31","7,18","20,23","25,82","7,17","4,50",avg
44,8,19,333,151,707,,,
